<?xml version="1.0" encoding="UTF-8"?><?xml-stylesheet type='text/xsl' href='_UpgradeReport_Files/UpgradeReport.xslt'?><UpgradeLog>
<Properties><Property Name="Solution" Value="SpaceShooter">
</Property><Property Name="Solution File" Value="C:\Users\www\Desktop\30  XNA Block (VGXNA2D, VGXNA3D, VGXNAPR)\VGXNA2D\Instructor\PPTs &amp; Class Files\DAY13-spaceshooter-end\SpaceShooterDay13\SpaceShooter\SpaceShooter.sln">
</Property><Property Name="User Options File" Value="C:\Users\www\Desktop\30  XNA Block (VGXNA2D, VGXNA3D, VGXNAPR)\VGXNA2D\Instructor\PPTs &amp; Class Files\DAY13-spaceshooter-end\SpaceShooterDay13\SpaceShooter\SpaceShooter.suo">
</Property><Property Name="Date" Value="Tuesday, September 13, 2011">
</Property><Property Name="Time" Value="16:07 PM">
</Property><Property Name="Solution" Value="SpaceShooter">
</Property><Property Name="Solution File" Value="C:\Users\www\Desktop\30  XNA Block (VGXNA2D, VGXNA3D, VGXNAPR)\VGXNA2D\Instructor\PPTs &amp; Class Files\DAY13-spaceshooter-end\SpaceShooterDay13\SpaceShooter\SpaceShooter.sln">
</Property><Property Name="Date" Value="Tuesday, September 13, 2011">
</Property><Property Name="Time" Value="16:08:18 PM">
</Property></Properties><Event ErrorLevel="0" Project="" Source="SpaceShooter.sln" Description="File successfully backed up as C:\Users\www\Desktop\30  XNA Block (VGXNA2D, VGXNA3D, VGXNAPR)\VGXNA2D\Instructor\PPTs &amp; Class Files\DAY13-spaceshooter-end\SpaceShooterDay13\SpaceShooter\Backup\SpaceShooter.sln">
</Event><Event ErrorLevel="0" Project="" Source="SpaceShooter.suo" Description="File successfully backed up as C:\Users\www\Desktop\30  XNA Block (VGXNA2D, VGXNA3D, VGXNAPR)\VGXNA2D\Instructor\PPTs &amp; Class Files\DAY13-spaceshooter-end\SpaceShooterDay13\SpaceShooter\Backup\SpaceShooter.suo">
</Event><Event ErrorLevel="0" Project="SpaceShooter" Source="SpaceShooter\SpaceShooter.csproj" Description="Upgraded XNA Game Studio project to XNA Framework 4.0.">
</Event><Event ErrorLevel="0" Project="SpaceShooter" Source="SpaceShooter\SpaceShooter.csproj" Description="Project file successfully backed up as C:\Users\www\Desktop\30  XNA Block (VGXNA2D, VGXNA3D, VGXNAPR)\VGXNA2D\Instructor\PPTs &amp; Class Files\DAY13-spaceshooter-end\SpaceShooterDay13\SpaceShooter\Backup\SpaceShooter\SpaceShooter.csproj">
</Event><Event ErrorLevel="0" Project="SpaceShooter" Source="SpaceShooter\SpaceShooter.csproj.user" Description="Project user file successfully backed up as C:\Users\www\Desktop\30  XNA Block (VGXNA2D, VGXNA3D, VGXNAPR)\VGXNA2D\Instructor\PPTs &amp; Class Files\DAY13-spaceshooter-end\SpaceShooterDay13\SpaceShooter\Backup\SpaceShooter\SpaceShooter.csproj.user">
</Event><Event ErrorLevel="0" Project="SpaceShooter" Source="SpaceShooter\Rendering\Animation.cs" Description="File successfully backed up as C:\Users\www\Desktop\30  XNA Block (VGXNA2D, VGXNA3D, VGXNAPR)\VGXNA2D\Instructor\PPTs &amp; Class Files\DAY13-spaceshooter-end\SpaceShooterDay13\SpaceShooter\Backup\SpaceShooter\Rendering\Animation.cs">
</Event><Event ErrorLevel="0" Project="SpaceShooter" Source="SpaceShooter\Enemy\Enemy.cs" Description="File successfully backed up as C:\Users\www\Desktop\30  XNA Block (VGXNA2D, VGXNA3D, VGXNAPR)\VGXNA2D\Instructor\PPTs &amp; Class Files\DAY13-spaceshooter-end\SpaceShooterDay13\SpaceShooter\Backup\SpaceShooter\Enemy\Enemy.cs">
</Event><Event ErrorLevel="0" Project="SpaceShooter" Source="SpaceShooter\Player\Fireball.cs" Description="File successfully backed up as C:\Users\www\Desktop\30  XNA Block (VGXNA2D, VGXNA3D, VGXNAPR)\VGXNA2D\Instructor\PPTs &amp; Class Files\DAY13-spaceshooter-end\SpaceShooterDay13\SpaceShooter\Backup\SpaceShooter\Player\Fireball.cs">
</Event><Event ErrorLevel="0" Project="SpaceShooter" Source="SpaceShooter\Rendering\ParallaxScrolling.cs" Description="File successfully backed up as C:\Users\www\Desktop\30  XNA Block (VGXNA2D, VGXNA3D, VGXNAPR)\VGXNA2D\Instructor\PPTs &amp; Class Files\DAY13-spaceshooter-end\SpaceShooterDay13\SpaceShooter\Backup\SpaceShooter\Rendering\ParallaxScrolling.cs">
</Event><Event ErrorLevel="0" Project="SpaceShooter" Source="SpaceShooter\Player\Player.cs" Description="File successfully backed up as C:\Users\www\Desktop\30  XNA Block (VGXNA2D, VGXNA3D, VGXNAPR)\VGXNA2D\Instructor\PPTs &amp; Class Files\DAY13-spaceshooter-end\SpaceShooterDay13\SpaceShooter\Backup\SpaceShooter\Player\Player.cs">
</Event><Event ErrorLevel="0" Project="SpaceShooter" Source="SpaceShooter\Properties\AssemblyInfo.cs" Description="File successfully backed up as C:\Users\www\Desktop\30  XNA Block (VGXNA2D, VGXNA3D, VGXNAPR)\VGXNA2D\Instructor\PPTs &amp; Class Files\DAY13-spaceshooter-end\SpaceShooterDay13\SpaceShooter\Backup\SpaceShooter\Properties\AssemblyInfo.cs">
</Event><Event ErrorLevel="0" Project="SpaceShooter" Source="SpaceShooter\Program.cs" Description="File successfully backed up as C:\Users\www\Desktop\30  XNA Block (VGXNA2D, VGXNA3D, VGXNAPR)\VGXNA2D\Instructor\PPTs &amp; Class Files\DAY13-spaceshooter-end\SpaceShooterDay13\SpaceShooter\Backup\SpaceShooter\Program.cs">
</Event><Event ErrorLevel="0" Project="SpaceShooter" Source="SpaceShooter\Game1.cs" Description="File successfully backed up as C:\Users\www\Desktop\30  XNA Block (VGXNA2D, VGXNA3D, VGXNAPR)\VGXNA2D\Instructor\PPTs &amp; Class Files\DAY13-spaceshooter-end\SpaceShooterDay13\SpaceShooter\Backup\SpaceShooter\Game1.cs">
</Event><Event ErrorLevel="0" Project="SpaceShooter" Source="SpaceShooter\Game.ico" Description="File successfully backed up as C:\Users\www\Desktop\30  XNA Block (VGXNA2D, VGXNA3D, VGXNAPR)\VGXNA2D\Instructor\PPTs &amp; Class Files\DAY13-spaceshooter-end\SpaceShooterDay13\SpaceShooter\Backup\SpaceShooter\Game.ico">
</Event><Event ErrorLevel="0" Project="SpaceShooter" Source="SpaceShooter\GameThumbnail.png" Description="File successfully backed up as C:\Users\www\Desktop\30  XNA Block (VGXNA2D, VGXNA3D, VGXNAPR)\VGXNA2D\Instructor\PPTs &amp; Class Files\DAY13-spaceshooter-end\SpaceShooterDay13\SpaceShooter\Backup\SpaceShooter\GameThumbnail.png">
</Event><Event ErrorLevel="0" Project="SpaceShooter" Source="SpaceShooter\SpaceShooter.csproj" Description="Project converted successfully">
</Event><Event ErrorLevel="3" Project="SpaceShooter" Source="SpaceShooter\SpaceShooter.csproj" Description="Converted">
</Event><Event ErrorLevel="0" Project="" Source="SpaceShooter.sln" Description="Solution converted successfully">
</Event><Event ErrorLevel="3" Project="" Source="SpaceShooter.sln" Description="Converted">
</Event><Event ErrorLevel="0" Project="SpaceShooter" Source="SpaceShooter\SpaceShooter.csproj" Description="Scan complete: Upgrade not required for project files.">
</Event><Event ErrorLevel="0" Project="SpaceShooter" Source="SpaceShooter\SpaceShooter.csproj" Description="Upgraded XNA Framework references to XNA Framework 4.0.">
</Event><Event ErrorLevel="0" Project="Content.contentproj" Source="Sound Bank.xsb" Description="Copied XNA Game Studio Content Project content to backup location.">
</Event><Event ErrorLevel="0" Project="Content.contentproj" Source="SpaceShooterAudio.xgs" Description="Copied XNA Game Studio Content Project content to backup location.">
</Event><Event ErrorLevel="0" Project="Content.contentproj" Source="Wave Bank.xwb" Description="Copied XNA Game Studio Content Project content to backup location.">
</Event><Event ErrorLevel="0" Project="Content.contentproj" Source=".txt" Description="Copied XNA Game Studio Content Project content to backup location.">
</Event><Event ErrorLevel="0" Project="Content.contentproj" Source="21fcaa_Galaga_Theme_Song.wav" Description="Copied XNA Game Studio Content Project content to backup location.">
</Event><Event ErrorLevel="0" Project="Content.contentproj" Source="GalagaTheme.wav" Description="Copied XNA Game Studio Content Project content to backup location.">
</Event><Event ErrorLevel="0" Project="Content.contentproj" Source="SpaceShooterAudio.xap" Description="Copied XNA Game Studio Content Project content to backup location.">
</Event><Event ErrorLevel="0" Project="Content.contentproj" Source="SpaceFont.spritefont" Description="Copied XNA Game Studio Content Project content to backup location.">
</Event><Event ErrorLevel="0" Project="Content.contentproj" Source="blueEnemy.png" Description="Copied XNA Game Studio Content Project content to backup location.">
</Event><Event ErrorLevel="0" Project="Content.contentproj" Source="endGameSplash.tga" Description="Copied XNA Game Studio Content Project content to backup location.">
</Event><Event ErrorLevel="0" Project="Content.contentproj" Source="enemyFireball.png" Description="Copied XNA Game Studio Content Project content to backup location.">
</Event><Event ErrorLevel="0" Project="Content.contentproj" Source="greenEnemy.png" Description="Copied XNA Game Studio Content Project content to backup location.">
</Event><Event ErrorLevel="0" Project="Content.contentproj" Source="playerFireball.png" Description="Copied XNA Game Studio Content Project content to backup location.">
</Event><Event ErrorLevel="0" Project="Content.contentproj" Source="playerLeft.png" Description="Copied XNA Game Studio Content Project content to backup location.">
</Event><Event ErrorLevel="0" Project="Content.contentproj" Source="playerRight.png" Description="Copied XNA Game Studio Content Project content to backup location.">
</Event><Event ErrorLevel="0" Project="Content.contentproj" Source="playerSprite.png" Description="Copied XNA Game Studio Content Project content to backup location.">
</Event><Event ErrorLevel="0" Project="Content.contentproj" Source="spaceBackground.tga" Description="Copied XNA Game Studio Content Project content to backup location.">
</Event><Event ErrorLevel="0" Project="Content.contentproj" Source="spaceBackground.zip" Description="Copied XNA Game Studio Content Project content to backup location.">
</Event><Event ErrorLevel="0" Project="Content.contentproj" Source="startGameSplash.tga" Description="Copied XNA Game Studio Content Project content to backup location.">
</Event><Event ErrorLevel="0" Project="Content.contentproj" Source="Content.contentproj" Description="Copied XNA Game Studio Content Project content to backup location.">
</Event><Event ErrorLevel="0" Project="Content.contentproj" Source="Content.contentproj.user" Description="Copied XNA Game Studio Content Project content to backup location.">
</Event><Event ErrorLevel="0" Project="SpaceShooterContent" Source="SpaceShooter\Content\SpaceShooterContent.contentproj" Description="Upgraded XNA Game Studio nested content projects to XNA Framework 4.0 and promoted to sibling project.">
</Event></UpgradeLog>