﻿<?xml version="1.0" encoding="utf-8"?>
<Deployment xmlns="http://schemas.microsoft.com/windowsphone/2009/deployment" AppPlatformVersion="7.0">
  <App xmlns="" ProductID="{94b5ea22-bcc7-4fd3-9d1a-9a60bbd61b55}" Title="Tile Crusher" RuntimeType="XNA" Version="1.0.0.0" Genre="Apps.Games" Author="Mike Murray" Description="" Publisher="">
    <IconPath IsRelative="true" IsResource="false">
    </IconPath>
    <Capabilities>
      <Capability Name="ID_CAP_NETWORKING" />
      <Capability Name="ID_CAP_LOCATION" />
      <Capability Name="ID_CAP_SENSORS" />
      <Capability Name="ID_CAP_MICROPHONE" />
      <Capability Name="ID_CAP_MEDIALIB" />
      <Capability Name="ID_CAP_GAMERSERVICES" />
      <Capability Name="ID_CAP_PHONEDIALER" />
      <Capability Name="ID_CAP_PUSH_NOTIFICATION" />
      <Capability Name="ID_CAP_WEBBROWSERCOMPONENT" />
      <Capability Name="ID_CAP_IDENTITY_USER" />
      <Capability Name="ID_CAP_IDENTITY_DEVICE" />
      <!--New Windows Phone OS 7.1 capabilities inserted during project upgrade.-->
      <Capability Name="ID_CAP_ISV_CAMERA" />
      <Capability Name="ID_CAP_CONTACTS" />
      <Capability Name="ID_CAP_APPOINTMENTS" />
    </Capabilities>
    <Tasks>
      <DefaultTask Name="_default" />
    </Tasks>
    <Tokens>
      <PrimaryToken TokenID="TileCrusherToken" TaskName="_default">
        <TemplateType5>
          <BackgroundImageURI IsRelative="true" IsResource="false">
          </BackgroundImageURI>
          <Count>0</Count>
          <Title>
          </Title>
        </TemplateType5>
      </PrimaryToken>
    </Tokens>
  </App>
</Deployment>