<!-- This file contains levels for the GPC game Trapper!  The file contains 2D array data.  First, the map is drawn to the screen,
and then the level objects are placed on the map.  The map serves to block objects or to let them pass.

Maps contain 16 columns of tiles and 12 rows of tiles. (tile size is 64x64, screen resolution is 1024x768)

MAP TERRAIN DATA
==============
0 - water (objects cannot be placed here or step onto these spaces)
1 - land (objects can move on these spaces)

OBJECT DATA
==============
0 - empty space
A - tree (blocks objects)
B - trap (destroys creature objects and player)
C - creature
P - player object. There can only be one.


Use this to create new levels:
	<lvl number="0">
		<mapData>
			<row>0,0,0,0,0,0,0,0,0,0,0,0,0,0,0,0</row>
			<row>0,0,0,0,0,0,0,0,0,0,0,0,0,0,0,0</row>
			<row>0,0,0,0,0,0,0,0,0,0,0,0,0,0,0,0</row>
			<row>0,0,0,0,0,0,0,0,0,0,0,0,0,0,0,0</row>
			<row>0,0,0,0,0,0,0,0,0,0,0,0,0,0,0,0</row>
			<row>0,0,0,0,0,0,0,0,0,0,0,0,0,0,0,0</row>
			<row>0,0,0,0,0,0,0,0,0,0,0,0,0,0,0,0</row>
			<row>0,0,0,0,0,0,0,0,0,0,0,0,0,0,0,0</row>
			<row>0,0,0,0,0,0,0,0,0,0,0,0,0,0,0,0</row>
			<row>0,0,0,0,0,0,0,0,0,0,0,0,0,0,0,0</row>
			<row>0,0,0,0,0,0,0,0,0,0,0,0,0,0,0,0</row>
			<row>0,0,0,0,0,0,0,0,0,0,0,0,0,0,0,0</row>
		</mapData>
		<objects>
			<row>0,0,0,0,0,0,0,0,0,0,0,0,0,0,0,0</row>
			<row>0,0,0,0,0,0,0,0,0,0,0,0,0,0,0,0</row>
			<row>0,0,0,0,0,0,0,0,0,0,0,0,0,0,0,0</row>
			<row>0,0,0,0,0,0,0,0,0,0,0,0,0,0,0,0</row>
			<row>0,0,0,0,0,0,0,0,0,0,0,0,0,0,0,0</row>
			<row>0,0,0,0,0,0,0,0,0,0,0,0,0,0,0,0</row>
			<row>0,0,0,0,0,0,0,0,0,0,0,0,0,0,0,0</row>
			<row>0,0,0,0,0,0,0,0,0,0,0,0,0,0,0,0</row>
			<row>0,0,0,0,0,0,0,0,0,0,0,0,0,0,0,0</row>
			<row>0,0,0,0,0,0,0,0,0,0,0,0,0,0,0,0</row>
			<row>0,0,0,0,0,0,0,0,0,0,0,0,0,0,0,0</row>
			<row>0,0,0,0,0,0,0,0,0,0,0,0,0,0,0,0</row>
		</objects>
	</lvl>
 -->

<levels>
	<lvl number="1">
		<mapData>
			<row>0,0,0,0,0,0,0,0,0,0,0,0,0,0,0,0</row>
			<row>0,0,0,0,0,0,0,0,0,0,0,0,0,0,0,0</row>
			<row>0,0,0,0,0,0,0,3,3,0,0,0,0,0,0,0</row>
			<row>0,0,0,0,0,0,9,1,1,8,0,0,0,0,0,0</row>
			<row>0,0,0,0,0,9,1,1,1,1,8,0,0,0,0,0</row>
			<row>0,0,0,0,5,1,1,1,1,1,1,4,0,0,0,0</row>
			<row>0,0,0,0,0,7,1,1,1,1,6,0,0,0,0,0</row>
			<row>0,0,0,0,0,0,7,1,1,6,0,0,0,0,0,0</row>
			<row>0,0,0,0,0,0,0,2,2,0,0,0,0,0,0,0</row>
			<row>0,0,0,0,0,0,0,0,0,0,0,0,0,0,0,0</row>
			<row>0,0,0,0,0,0,0,0,0,0,0,0,0,0,0,0</row>
			<row>0,0,0,0,0,0,0,0,0,0,0,0,0,0,0,0</row>
		</mapData>
		<objects>
			<row>0,0,0,0,0,0,0,0,0,0,0,0,0,0,0,0</row>
			<row>0,0,0,0,0,0,0,0,0,0,0,0,0,0,0,0</row>
			<row>0,0,0,0,0,0,0,0,0,0,0,0,0,0,0,0</row>
			<row>0,0,0,0,0,0,0,A,A,0,0,0,0,0,0,0</row>
			<row>0,0,0,0,0,0,A,A,A,A,0,0,0,0,0,0</row>
			<row>0,0,0,0,0,A,B,0,C,0,A,0,0,0,0,0</row>
			<row>0,0,0,0,0,0,0,P,0,0,0,0,0,0,0,0</row>
			<row>0,0,0,0,0,0,0,0,0,0,0,0,0,0,0,0</row>
			<row>0,0,0,0,0,0,0,0,0,0,0,0,0,0,0,0</row>
			<row>0,0,0,0,0,0,0,0,0,0,0,0,0,0,0,0</row>
			<row>0,0,0,0,0,0,0,0,0,0,0,0,0,0,0,0</row>
			<row>0,0,0,0,0,0,0,0,0,0,0,0,0,0,0,0</row>
		</objects>
	</lvl>
	<lvl number="2">
		<mapData>
			<row>0,0,0,0,0,0,0,0,0,0,0,0,0,0,0,0</row>
			<row>0,0,0,0,0,0,0,0,0,0,0,0,0,0,0,0</row>
			<row>0,0,0,0,0,0,0,0,0,0,0,0,0,0,0,0</row>
			<row>0,0,0,0,0,0,3,3,3,3,3,0,0,0,0,0</row>
			<row>0,0,0,0,0,9,1,1,1,1,1,4,0,0,0,0</row>
			<row>0,0,0,0,5,1,1,1,1,1,1,4,0,0,0,0</row>
			<row>0,0,0,0,0,7,1,1,1,1,1,4,0,0,0,0</row>
			<row>0,0,0,0,0,0,2,2,2,2,2,0,0,0,0,0</row>
			<row>0,0,0,0,0,0,0,0,0,0,0,0,0,0,0,0</row>
			<row>0,0,0,0,0,0,0,0,0,0,0,0,0,0,0,0</row>
			<row>0,0,0,0,0,0,0,0,0,0,0,0,0,0,0,0</row>
			<row>0,0,0,0,0,0,0,0,0,0,0,0,0,0,0,0</row>
		</mapData>
		<objects>
			<row>0,0,0,0,0,0,0,0,0,0,0,0,0,0,0,0</row>
			<row>0,0,0,0,0,0,0,0,0,0,0,0,0,0,0,0</row>
			<row>0,0,0,0,0,0,0,0,0,0,0,0,0,0,0,0</row>
			<row>0,0,0,0,0,0,0,0,0,0,0,0,0,0,0,0</row>
			<row>0,0,0,0,0,0,C,B,0,0,0,0,0,0,0,0</row>
			<row>0,0,0,0,0,P,0,0,0,0,C,0,0,0,0,0</row>
			<row>0,0,0,0,0,0,0,0,0,0,B,0,0,0,0,0</row>
			<row>0,0,0,0,0,0,0,0,0,0,0,0,0,0,0,0</row>
			<row>0,0,0,0,0,0,0,0,0,0,0,0,0,0,0,0</row>
			<row>0,0,0,0,0,0,0,0,0,0,0,0,0,0,0,0</row>
			<row>0,0,0,0,0,0,0,0,0,0,0,0,0,0,0,0</row>
			<row>0,0,0,0,0,0,0,0,0,0,0,0,0,0,0,0</row>
		</objects>
	</lvl>
	<lvl number="3">
		<mapData>
			<row>0,0,0,0,0,0,0,0,0,0,0,0,0,0,0,0</row>
			<row>0,0,0,0,0,0,0,0,0,0,0,0,0,0,0,0</row>
			<row>0,0,0,0,0,0,0,0,0,0,0,0,0,0,0,0</row>
			<row>0,0,0,0,0,0,0,0,0,0,0,0,0,0,0,0</row>
			<row>0,0,0,0,0,0,3,3,0,0,0,0,0,0,0,0</row>
			<row>0,0,0,0,0,9,1,1,8,0,0,0,0,0,0,0</row>
			<row>0,0,0,0,9,1,1,1,1,8,0,0,0,0,0,0</row>
			<row>0,0,0,9,1,1,1,1,1,1,8,0,0,0,0,0</row>
			<row>0,0,5,1,1,1,1,1,1,1,1,4,0,0,0,0</row>
			<row>0,0,0,2,2,2,2,2,2,2,2,0,0,0,0,0</row>
			<row>0,0,0,0,0,0,0,0,0,0,0,0,0,0,0,0</row>
			<row>0,0,0,0,0,0,0,0,0,0,0,0,0,0,0,0</row>
		</mapData>
		<objects>
			<row>0,0,0,0,0,0,0,0,0,0,0,0,0,0,0,0</row>
			<row>0,0,0,0,0,0,0,0,0,0,0,0,0,0,0,0</row>
			<row>0,0,0,0,0,0,0,0,0,0,0,0,0,0,0,0</row>
			<row>0,0,0,0,0,0,0,0,0,0,0,0,0,0,0,0</row>
			<row>0,0,0,0,0,0,0,0,0,0,0,0,0,0,0,0</row>
			<row>0,0,0,0,0,0,0,0,0,0,0,0,0,0,0,0</row>
			<row>0,0,0,0,0,0,P,0,0,0,0,0,0,0,0,0</row>
			<row>0,0,0,0,A,B,A,B,A,B,0,0,0,0,0,0</row>
			<row>0,0,0,C,0,0,C,0,0,C,0,0,0,0,0,0</row>
			<row>0,0,0,0,0,0,0,0,0,0,0,0,0,0,0,0</row>
			<row>0,0,0,0,0,0,0,0,0,0,0,0,0,0,0,0</row>
			<row>0,0,0,0,0,0,0,0,0,0,0,0,0,0,0,0</row>
		</objects>
	</lvl>
	<lvl number="4">
		<mapData>
			<row>0,0,0,0,0,0,0,0,0,0,0,0,0,0,0,0</row>
			<row>0,0,0,0,3,3,3,3,3,3,3,0,0,0,0,0</row>
			<row>0,0,0,5,1,1,1,1,1,1,1,4,0,0,0,0</row>
			<row>0,0,0,5,1,1,1,1,1,1,1,4,0,0,0,0</row>
			<row>0,0,0,5,1,1,1,1,1,1,1,4,0,0,0,0</row>
			<row>0,0,0,5,1,1,1,1,1,1,1,4,0,0,0,0</row>
			<row>0,0,0,5,1,1,1,1,1,1,1,4,0,0,0,0</row>
			<row>0,0,0,5,1,1,1,1,1,1,1,4,0,0,0,0</row>
			<row>0,0,0,5,1,1,1,1,1,1,1,4,0,0,0,0</row>
			<row>0,0,0,0,2,2,2,2,2,2,2,0,0,0,0,0</row>
			<row>0,0,0,0,0,0,0,0,0,0,0,0,0,0,0,0</row>
			<row>0,0,0,0,0,0,0,0,0,0,0,0,0,0,0,0</row>
		</mapData>
		<objects>
			<row>0,0,0,0,0,0,0,0,0,0,0,0,0,0,0,0</row>
			<row>0,0,0,0,0,0,0,0,0,0,0,0,0,0,0,0</row>
			<row>0,0,0,0,0,0,A,C,0,0,0,0,0,0,0,0</row>
			<row>0,0,0,0,0,0,A,0,A,0,0,0,0,0,0,0</row>
			<row>0,0,0,0,0,0,0,0,A,A,0,0,0,0,0,0</row>
			<row>0,0,0,0,A,0,0,0,0,B,0,0,0,0,0,0</row>
			<row>0,0,0,0,0,0,0,A,0,0,0,0,0,0,0,0</row>
			<row>0,0,0,0,0,A,0,0,0,A,0,0,0,0,0,0</row>
			<row>0,0,0,0,P,A,0,0,B,0,0,0,0,0,0,0</row>
			<row>0,0,0,0,0,0,0,0,0,0,0,0,0,0,0,0</row>
			<row>0,0,0,0,0,0,0,0,0,0,0,0,0,0,0,0</row>
			<row>0,0,0,0,0,0,0,0,0,0,0,0,0,0,0,0</row>
		</objects>
	</lvl>
	<lvl number="5">
		<mapData>
			<row>5,1,1,1,1,1,1,1,1,1,1,1,1,1,1,4</row>
			<row>5,1,1,1,1,1,1,1,1,1,1,1,1,1,1,4</row>
			<row>5,1,1,1,1,1,1,1,1,1,1,1,1,1,1,4</row>
			<row>5,1,1,1,1,1,1,1,1,1,1,1,1,1,1,4</row>
			<row>5,1,1,1,1,1,1,1,1,1,1,1,1,1,1,4</row>
			<row>5,1,1,1,1,1,1,1,1,1,1,1,1,1,1,4</row>
			<row>5,1,1,1,1,1,1,1,1,1,1,1,1,1,1,4</row>
			<row>5,1,1,1,1,1,1,1,1,1,1,1,1,1,1,4</row>
			<row>5,1,1,1,1,1,1,1,1,1,1,1,1,1,1,4</row>
			<row>5,1,1,1,1,1,1,1,1,1,1,1,1,1,1,4</row>
			<row>5,1,1,1,1,1,1,1,1,1,1,1,1,1,1,4</row>
			<row>0,2,2,2,2,2,2,2,2,2,2,2,2,2,2,0</row>
		</mapData>
		<objects>
			<row>0,0,0,0,0,0,0,C,0,0,0,0,0,0,0,0</row>
			<row>0,0,A,A,A,A,A,0,A,A,A,A,A,A,0,0</row>
			<row>0,0,A,A,A,A,A,0,A,A,A,A,A,A,0,0</row>
			<row>0,0,A,A,A,B,0,0,A,A,A,A,A,A,0,0</row>
			<row>0,0,A,A,A,0,A,0,A,A,A,A,A,A,0,0</row>
			<row>0,C,0,0,0,0,0,B,0,0,0,0,0,0,P,0</row>
			<row>0,0,A,A,A,A,A,0,A,0,A,A,A,A,0,0</row>
			<row>0,0,A,A,A,A,A,0,0,B,A,A,A,A,0,0</row>
			<row>0,0,A,A,A,A,A,0,A,A,A,A,A,A,0,0</row>
			<row>0,0,A,A,A,A,A,0,A,A,A,A,A,A,0,0</row>
			<row>0,0,0,0,0,0,0,C,0,0,0,0,0,0,0,0</row>
			<row>0,0,0,0,0,0,0,0,0,0,0,0,0,0,0,0</row>
		</objects>
	</lvl>
	<lvl number="6">
		<mapData>
			<row>0,0,0,0,0,0,0,0,0,0,0,0,0,0,0,0</row>
			<row>0,0,0,3,3,3,3,0,0,0,0,0,0,0,0,0</row>
			<row>0,0,5,1,1,1,1,4,0,0,0,0,0,0,0,0</row>
			<row>0,0,5,1,1,1,1,4,0,0,0,3,3,0,0,0</row>
			<row>0,0,5,1,1,1,1,4,3,3,9,1,1,4,0,0</row>
			<row>0,0,5,1,1,1,6,5,1,1,1,1,1,4,0,0</row>
			<row>0,0,0,2,2,2,3,9,1,1,1,1,1,4,0,0</row>
			<row>0,0,0,0,3,9,1,1,1,1,1,6,2,0,0,0</row>
			<row>0,0,0,5,1,1,1,1,1,1,1,4,0,0,0,0</row>
			<row>0,0,0,5,1,1,1,1,1,1,1,4,0,0,0,0</row>
			<row>0,0,0,5,1,1,1,1,1,1,6,0,0,0,0,0</row>
			<row>0,0,0,0,2,2,2,2,2,2,0,0,0,0,0,0</row>
		</mapData>
		<objects>
			<row>0,0,0,0,0,0,0,0,0,0,0,0,0,0,0,0</row>
			<row>0,0,0,0,0,0,0,0,0,0,0,0,0,0,0,0</row>
			<row>0,0,0,0,0,0,0,0,0,0,0,0,0,0,0,0</row>
			<row>0,0,0,A,P,A,0,0,0,0,0,0,0,0,0,0</row>
			<row>0,0,0,0,0,0,B,0,0,0,0,0,0,0,0,0</row>
			<row>0,0,0,B,0,0,0,0,0,0,0,0,0,0,0,0</row>
			<row>0,0,0,0,0,0,0,0,0,A,0,0,0,0,0,0</row>
			<row>0,0,0,0,0,0,0,0,0,0,0,0,0,0,0,0</row>
			<row>0,0,0,0,0,B,C,A,B,C,0,0,0,0,0,0</row>
			<row>0,0,0,0,0,B,C,A,B,C,0,0,0,0,0,0</row>
			<row>0,0,0,0,0,0,0,0,0,0,0,0,0,0,0,0</row>
			<row>0,0,0,0,0,0,0,0,0,0,0,0,0,0,0,0</row>
		</objects>
	</lvl>
	<lvl number="7">
		<mapData>
			<row>0,0,0,0,3,3,3,3,3,3,0,0,0,0,0,0</row>
			<row>0,0,3,9,1,1,1,1,1,1,8,3,3,3,0,0</row>
			<row>0,9,1,1,1,1,1,1,1,1,1,1,1,1,4,0</row>
			<row>5,1,1,1,1,1,1,1,1,1,1,1,1,1,4,0</row>
			<row>5,1,1,1,1,1,1,1,1,1,1,6,7,1,4,0</row>
			<row>5,1,1,1,1,1,1,1,1,1,6,0,5,1,4,0</row>
			<row>5,1,1,1,1,1,6,2,2,2,0,0,9,1,4,0</row>
			<row>5,1,1,1,1,6,0,0,0,0,3,9,1,1,4,0</row>
			<row>5,1,1,1,6,0,0,3,3,9,1,1,1,1,4,0</row>
			<row>5,1,1,1,8,3,9,1,1,1,1,1,1,1,4,0</row>
			<row>5,1,1,1,1,1,1,1,1,1,1,1,1,6,0,0</row>
			<row>0,2,2,2,2,2,2,2,2,2,2,2,2,0,0,0</row>
		</mapData>
		<objects>
			<row>0,0,0,0,0,0,0,0,0,0,0,0,0,0,0,0</row>
			<row>0,0,0,0,0,A,B,A,0,0,0,0,0,0,0,0</row>
			<row>0,0,0,0,0,0,0,0,0,0,0,0,0,C,0,0</row>
			<row>0,P,0,0,B,0,0,0,A,0,0,0,0,0,0,0</row>
			<row>0,0,0,0,0,0,A,0,0,0,C,0,0,0,0,0</row>
			<row>0,0,0,A,0,0,0,0,0,B,0,0,0,0,0,0</row>
			<row>0,0,0,0,0,B,0,0,0,0,0,0,0,0,0,0</row>
			<row>0,0,0,0,0,0,0,0,0,0,0,0,0,C,0,0</row>
			<row>0,B,0,0,0,0,0,0,0,0,0,0,0,0,0,0</row>
			<row>0,0,0,C,0,0,0,0,0,C,0,A,0,0,0,0</row>
			<row>0,0,0,0,0,0,0,0,0,0,0,0,0,0,0,0</row>
			<row>0,0,0,0,0,0,0,0,0,0,0,0,0,0,0,0</row>
		</objects>
	</lvl>
	<lvl number="8">
		<mapData>
			<row>0,0,0,0,0,3,3,3,0,0,0,0,0,0,0,0</row>
			<row>0,0,0,0,5,1,1,1,4,0,0,0,0,0,0,0</row>
			<row>0,0,0,0,5,1,1,1,4,0,0,0,0,0,0,0</row>
			<row>0,0,3,3,3,B,1,1,8,3,3,3,0,0,0,0</row>
			<row>0,5,1,1,1,1,1,1,1,1,1,1,4,0,0,0</row>
			<row>0,0,7,1,1,1,1,1,1,1,1,6,0,0,0,0</row>
			<row>0,0,0,7,1,1,1,1,1,1,6,0,0,0,0,0</row>
			<row>0,0,0,0,A,B,1,1,C,A,0,0,0,0,0,0</row>
			<row>0,0,0,5,1,1,1,1,1,1,4,0,0,0,0,0</row>
			<row>0,0,0,5,1,1,1,1,1,1,4,0,0,0,0,0</row>
			<row>0,0,0,0,2,2,2,2,2,2,0,0,0,0,0,0</row>
			<row>0,0,0,0,0,0,0,0,0,0,0,0,0,0,0,0</row>
		</mapData>
		<objects>
			<row>0,0,0,0,0,0,0,0,0,0,0,0,0,0,0,0</row>
			<row>0,0,0,0,0,0,C,C,0,0,0,0,0,0,0,0</row>
			<row>0,0,0,0,0,0,0,0,0,0,0,0,0,0,0,0</row>
			<row>0,0,0,0,0,0,0,0,0,0,0,0,0,0,0,0</row>
			<row>0,0,B,0,0,0,0,0,0,0,0,B,0,0,0,0</row>
			<row>0,0,0,0,0,C,P,C,0,0,0,0,0,0,0,0</row>
			<row>0,0,0,0,0,0,0,0,0,0,0,0,0,0,0,0</row>
			<row>0,0,0,0,0,0,0,0,0,0,0,0,0,0,0,0</row>
			<row>0,0,0,0,0,0,0,0,0,0,0,0,0,0,0,0</row>
			<row>0,0,0,0,0,0,B,B,0,0,0,0,0,0,0,0</row>
			<row>0,0,0,0,0,0,0,0,0,0,0,0,0,0,0,0</row>
			<row>0,0,0,0,0,0,0,0,0,0,0,0,0,0,0,0</row>
		</objects>
	</lvl>
	<lvl number="9">
		<mapData>
			<row>0,0,3,3,3,0,0,0,0,0,0,0,3,3,3,0</row>
			<row>0,5,1,1,1,4,0,0,0,0,0,5,1,1,1,4</row>
			<row>0,5,1,1,1,8,3,0,0,0,3,9,1,1,1,4</row>
			<row>0,5,1,1,1,1,1,8,3,9,1,1,1,1,1,4</row>
			<row>0,5,1,1,1,1,1,1,1,1,1,1,1,1,1,4</row>
			<row>0,0,7,1,1,1,1,1,1,1,1,1,1,1,6,0</row>
			<row>0,0,5,1,1,1,1,1,1,1,1,1,1,1,4,0</row>
			<row>0,0,5,1,1,1,1,1,1,1,1,1,1,1,4,0</row>
			<row>0,0,0,7,1,1,1,1,1,1,1,1,1,6,0,0</row>
			<row>0,0,0,0,7,1,1,1,1,1,1,1,6,0,0,0</row>
			<row>0,0,0,0,0,7,1,1,1,1,1,6,0,0,0,0</row>
			<row>0,0,0,0,0,0,2,2,2,2,2,0,0,0,0,0</row>
		</mapData>
		<objects>
			<row>0,0,0,0,0,0,0,0,0,0,0,0,0,0,0,0</row>
			<row>0,0,0,0,0,0,0,0,0,0,0,0,0,0,0,0</row>
			<row>0,0,0,B,A,0,0,0,0,0,0,0,A,B,0,0</row>
			<row>0,0,0,A,0,0,0,0,0,0,0,0,0,A,0,0</row>
			<row>0,0,0,0,0,0,0,0,B,0,0,0,0,0,0,0</row>
			<row>0,0,0,0,0,0,0,0,A,0,0,0,0,0,0,0</row>
			<row>0,0,0,0,0,0,0,0,C,0,0,0,0,0,0,0</row>
			<row>0,0,0,C,0,0,0,C,P,C,0,0,0,C,0,0</row>
			<row>0,0,0,0,0,0,0,0,0,0,0,0,0,0,0,0</row>
			<row>0,0,0,0,0,0,A,0,A,0,A,0,0,0,0,0</row>
			<row>0,0,0,0,0,0,B,0,0,0,B,0,0,0,0,0</row>
			<row>0,0,0,0,0,0,0,0,0,0,0,0,0,0,0,0</row>
		</objects>
	</lvl>
	<lvl number="10">
		<mapData>
			<row>1,1,1,1,8,3,3,3,3,3,3,9,1,1,1,1</row>
			<row>1,1,1,1,1,1,1,1,1,1,1,1,1,1,1,1</row>
			<row>1,1,1,1,1,1,1,1,1,1,1,1,1,1,1,1</row>
			<row>1,1,1,1,6,2,2,A,A,2,2,7,1,1,1,1</row>
			<row>7,1,1,6,0,0,9,1,1,8,0,0,7,1,1,6</row>
			<row>5,1,1,4,0,9,1,1,1,1,8,0,5,1,1,4</row>
			<row>5,1,1,4,5,1,1,1,1,1,1,4,5,1,1,4</row>
			<row>9,1,1,8,0,7,1,1,1,1,6,0,9,1,1,8</row>
			<row>1,1,1,1,8,3,B,1,1,C,3,9,1,1,1,1</row>
			<row>1,1,1,1,1,1,1,1,1,1,1,1,1,1,1,1</row>
			<row>1,1,1,1,1,1,1,1,1,1,1,1,1,1,1,1</row>
			<row>1,1,1,1,6,2,2,2,2,2,2,7,1,1,1,1</row>
		</mapData>
		<objects>
			<row>B,0,0,C,0,0,0,0,0,0,0,0,C,0,0,B</row>
			<row>0,A,0,0,0,0,0,0,0,0,0,0,0,0,A,0</row>
			<row>0,0,0,0,0,C,0,P,0,C,0,0,0,0,0,0</row>
			<row>0,0,0,0,0,0,0,0,0,0,0,0,0,0,0,0</row>
			<row>0,0,0,0,0,0,0,A,A,0,0,0,0,0,0,0</row>
			<row>0,0,0,0,0,0,0,0,0,0,0,0,0,0,0,0</row>
			<row>0,0,0,0,0,A,0,A,A,0,B,0,0,0,0,0</row>
			<row>0,0,0,0,0,0,0,0,0,A,0,0,0,0,0,0</row>
			<row>0,0,0,0,0,0,0,A,0,0,0,0,0,0,0,0</row>
			<row>0,0,0,0,0,0,0,C,0,0,0,0,0,0,0,0</row>
			<row>0,A,0,0,0,0,0,0,0,0,0,0,0,0,A,0</row>
			<row>B,0,0,0,0,0,0,0,0,0,0,0,0,0,0,B</row>
		</objects>
	</lvl>
</levels>